benchmark,config,passed,kernel_time,working_set_pages,working_set_bytes,gmmu_translation_count,gmmu_translation_avg_latency,gmmu_max_inflight,gmmu_avg_inflight,mmu_translation_count,mmu_translation_avg_latency,mmu_max_inflight,mmu_avg_inflight,memory_page_size,memory_footprint_live_pages,memory_footprint_live_bytes,memory_footprint_peak_pages,memory_footprint_peak_bytes,memory_footprint_total_pages,memory_footprint_total_bytes,page_migration_count,page_migration_pages,page_migration_bytes,page_migration_avg_latency,pcie_page_migration_payload_bytes,l2_tlb_mpki,l2_tlb_miss,utopia_rsw_hit_count,utopia_rsw_miss_count,utopia_sf_filtered_count,utopia_sf_cache_hit_count,utopia_sf_cache_miss_count,utopia_tar_cache_hit_count,utopia_tar_cache_miss_count,utopia_flexseg_walk_count,utopia_passthrough_count,utopia_restseg_occupied_frames,avatar_l1_miss_forwarded_count,avatar_speculation_count,avatar_cava_pass_count,avatar_cava_mismatch_count,avatar_cava_incompressible_count,avatar_cava_no_metadata_count,avatar_early_completion_count,avatar_real_response_first_count,avatar_swallowed_rsp_count,avatar_page_table_veto_count,avatar_validation_read_count,avatar_validation_wait_cycle_sum,avatar_spec_out_of_range_count,avatar_walk_cancel_sent_count,avatar_forward_suppressed_count,avatar_orphan_rsp_count,avatar_stale_validation_rsp_count,avatar_frame_install_count,avatar_frame_invalidate_count,avatar_region_bound_count,avatar_region_free_count,hpt_walk_count,hpt_memory_access_count,sw_walk_count,sw_extra_cycles_total,sw_admission_blocked_ticks,in_tlb_mshr_alloc_count,in_tlb_mshr_refuse_cap_count,in_tlb_mshr_refuse_set_count,l1vtlb_mshr_reservation_failure_count,latc_mshr_group_count,latc_mshr_coalesced_miss_count,latp_batch_count,latp_batched_member_count,error
bfs,avatar,False,0.012911854000000002,10259.0,42020864.0,1901291.0,1.050022090255802e-07,16.0,15.418054870581816,0.0,0.0,0.0,0.0,4096.0,10259.0,42020864.0,10259.0,42020864.0,10259.0,42020864.0,0.0,0.0,0.0,0.0,0.0,20.91630184264228,2091631.0,,,,,,,,,,,5645145.0,8070991.0,6441208.0,0.0,1479704.0,0.0,6441208.0,149554.0,298.0,0.0,8070989.0,6496625190.0,0.0,4011917.0,2428993.0,2436974.0,142128.0,10259.0,0.0,0.0,0.0,,,,,,,,,,,,,,
bfs,baseline,False,0.028747975,10259.0,42020864.0,4318120.0,1.0500097265469682e-07,16.0,15.751725964576407,0.0,0.0,0.0,0.0,4096.0,10259.0,42020864.0,10259.0,42020864.0,10259.0,42020864.0,0.0,0.0,0.0,0.0,0.0,43.181833954543244,4318184.0,,,,,,,,,,,,,,,,,,,,,,,,,,,,,,,,,,,,,,,,,,,,,
bfs,hpt,False,0.028228909000000003,10259.0,42020864.0,4321990.0,1.029999999890715e-07,16.0,15.749375955048114,0.0,0.0,0.0,0.0,4096.0,10259.0,42020864.0,10259.0,42020864.0,10259.0,42020864.0,0.0,0.0,0.0,0.0,0.0,43.22053611015175,4322054.0,,,,,,,,,,,,,,,,,,,,,,,,,,,,,,,,4322006.0,4322006.0,,,,,,,,,,,,
bfs,ideal-l1tlb,False,0.004142308000000001,10259.0,42020864.0,0.0,0.0,0.0,0.0,0.0,0.0,0.0,0.0,4096.0,10259.0,42020864.0,10259.0,42020864.0,10259.0,42020864.0,0.0,0.0,0.0,0.0,0.0,0.0,,,,,,,,,,,,,,,,,,,,,,,,,,,,,,,,,,,,,,,,,,,,,,
bfs,latpc,False,0.027443254000000004,10259.0,42020864.0,4320829.0,1.0451621807684859e-07,24.0,16.433722572346287,0.0,0.0,0.0,0.0,4096.0,10259.0,42020864.0,10259.0,42020864.0,10259.0,42020864.0,0.0,0.0,0.0,0.0,0.0,43.20892783955361,4320893.0,,,,,,,,,,,,,,,,,,,,,,,,,,,,,,,,,,,,,,,,14344667.0,5859512.0,2098062.0,253584.0,253643.0,
bfs,softwalker,False,0.041810143999999994,10259.0,42020864.0,4333715.0,1.5300104667962196e-07,16.0,15.845012267473182,0.0,0.0,0.0,0.0,4096.0,10259.0,42020864.0,10259.0,42020864.0,10259.0,42020864.0,0.0,0.0,0.0,0.0,0.0,43.341747399495155,4334175.0,,,,,,,,,,,,,,,,,,,,,,,,,,,,,,,,,,,,,,,,135461232.0,,,,,
bfs,utopia,False,0.008843392,10259.0,42020864.0,0.0,0.0,0.0,0.0,0.0,0.0,0.0,0.0,4096.0,10259.0,42020864.0,10259.0,42020864.0,10259.0,42020864.0,0.0,0.0,0.0,0.0,0.0,43.66985475961743,4366986.0,4366922.0,0.0,0.0,4366927.0,11.0,3218753.0,1148185.0,0.0,0.0,10259.0,,,,,,,,,,,,,,,,,,,,,,,,,,,,,,,,,,,
bfs,uvm,False,,,,,,,,,,,,,,,,,,,,,,,,,,,,,,,,,,,,,,,,,,,,,,,,,,,,,,,,,,,,,,,,,,,,,,
bfs,uvm-ideal,False,0.029465361000000002,10259.0,42020864.0,4320866.0,1.0511172321470983e-07,42.0,15.391641025774833,0.0,0.0,0.0,0.0,4096.0,10259.0,42020864.0,10259.0,42020864.0,10259.0,42020864.0,0.0,0.0,0.0,0.0,0.0,43.209293518605975,4320930.0,,,,,,,,,,,,,,,,,,,,,,,,,,,,,,,,,,,,,,,,,,,,,
bfs,virtual-caching,False,0.004451441,1.0,4096.0,10259.0,1.0540939662735221e-07,16.0,0.25380349078814074,0.0,0.0,0.0,0.0,4096.0,10259.0,42020864.0,10259.0,42020864.0,10259.0,42020864.0,0.0,0.0,0.0,0.0,0.0,18.83155642200428,1883156.0,,,,,,,,,,,,,,,,,,,,,,,,,,,,,,,,,,,,,,,,,,,,,
fft,avatar,False,0.0005100680000000002,16393.0,67145728.0,16378.0,1.0549456588105955e-07,16.0,3.5058895145335423,0.0,0.0,0.0,0.0,4096.0,16394.0,67149824.0,16394.0,67149824.0,16394.0,67149824.0,0.0,0.0,0.0,0.0,0.0,0.4803405263592175,16393.0,,,,,,,,,,,16528.0,11214.0,136.0,0.0,44.0,0.0,136.0,11034.0,0.0,0.0,11214.0,601947.0,0.0,136.0,0.0,29.0,6306.0,16394.0,0.0,0.0,0.0,,,,,,,,,,,,,,
fft,baseline,False,0.0005111570000000004,16393.0,67145728.0,16393.0,1.0555511498810567e-07,16.0,3.5029900722314324,0.0,0.0,0.0,0.0,4096.0,16394.0,67149824.0,16394.0,67149824.0,16394.0,67149824.0,0.0,0.0,0.0,0.0,0.0,0.4803405263592175,16393.0,,,,,,,,,,,,,,,,,,,,,,,,,,,,,,,,,,,,,,,,,,,,,
fft,hpt,False,0.000510613,16393.0,67145728.0,16393.0,1.0300000000000006e-07,16.0,3.4201753355398834,0.0,0.0,0.0,0.0,4096.0,16394.0,67149824.0,16394.0,67149824.0,16394.0,67149824.0,0.0,0.0,0.0,0.0,0.0,0.4803405263592175,16393.0,,,,,,,,,,,,,,,,,,,,,,,,,,,,,,,,16393.0,16393.0,,,,,,,,,,,,
fft,ideal-l1tlb,False,0.0005070970000000002,16393.0,67145728.0,0.0,0.0,0.0,0.0,0.0,0.0,0.0,0.0,4096.0,16394.0,67149824.0,16394.0,67149824.0,16394.0,67149824.0,0.0,0.0,0.0,0.0,0.0,0.0,,,,,,,,,,,,,,,,,,,,,,,,,,,,,,,,,,,,,,,,,,,,,,
fft,latpc,False,0.0005111570000000004,16393.0,67145728.0,16393.0,1.0555511498810567e-07,16.0,3.5029900722314324,0.0,0.0,0.0,0.0,4096.0,16394.0,67149824.0,16394.0,67149824.0,16394.0,67149824.0,0.0,0.0,0.0,0.0,0.0,0.4803405263592175,16393.0,,,,,,,,,,,,,,,,,,,,,,,,,,,,,,,,,,,,,,,,0.0,16384.0,0.0,0.0,0.0,
fft,softwalker,False,0.000511395,16393.0,67145728.0,16393.0,1.5390916854754984e-07,16.0,5.102891803119508,0.0,0.0,0.0,0.0,4096.0,16394.0,67149824.0,16394.0,67149824.0,16394.0,67149824.0,0.0,0.0,0.0,0.0,0.0,0.4803405263592175,16393.0,,,,,,,,,,,,,,,,,,,,,,,,,,,,,,,,,,,,,,,,0.0,,,,,
fft,utopia,False,0.0005089000000000001,16393.0,67145728.0,0.0,0.0,0.0,0.0,0.0,0.0,0.0,0.0,4096.0,16394.0,67149824.0,16394.0,67149824.0,16394.0,67149824.0,0.0,0.0,0.0,0.0,0.0,0.4803405263592175,16393.0,16393.0,0.0,0.0,16376.0,17.0,15367.0,1026.0,0.0,0.0,16394.0,,,,,,,,,,,,,,,,,,,,,,,,,,,,,,,,,,,
fft,uvm,False,0.045509676,16393.0,67145728.0,36760.0,1.0550867791078098e-07,16.0,0.0852316002595891,0.0,0.0,0.0,0.0,4096.0,16394.0,67149824.0,16394.0,67149824.0,16394.0,67149824.0,0.0,0.0,0.0,0.0,0.0,1.077125465074412,36760.0,,,,,,,,,,,,,,,,,,,,,,,,,,,,,,,,,,,,,,,,,,,,,
fft,uvm-ideal,False,0.003037585,16393.0,67145728.0,34847.0,1.1527754182571518e-06,64.0,13.243874865733966,0.0,0.0,0.0,0.0,4096.0,16394.0,67149824.0,16394.0,67149824.0,16394.0,67149824.0,0.0,0.0,0.0,0.0,0.0,1.0210715745769323,34847.0,,,,,,,,,,,,,,,,,,,,,,,,,,,,,,,,,,,,,,,,,,,,,
fft,virtual-caching,False,0.0005124940000000001,8.0,32768.0,16393.0,1.0567711828219262e-07,16.0,3.498130146640086,0.0,0.0,0.0,0.0,4096.0,16394.0,67149824.0,16394.0,67149824.0,16394.0,67149824.0,0.0,0.0,0.0,0.0,0.0,0.9584541339114259,32710.0,,,,,,,,,,,,,,,,,,,,,,,,,,,,,,,,,,,,,,,,,,,,,
kmeans,avatar,False,0.0022915310000000003,8331.0,34123776.0,341187.0,1.0502784396848424e-07,16.0,12.107398784129801,0.0,0.0,0.0,0.0,4096.0,8331.0,34123776.0,8331.0,34123776.0,8331.0,34123776.0,0.0,0.0,0.0,0.0,0.0,23.44117217825085,395774.0,,,,,,,,,,,988940.0,982700.0,766880.0,0.0,179104.0,0.0,766880.0,36716.0,0.0,0.0,982700.0,497784796.0,0.0,766592.0,288.0,385892.0,34306.0,8331.0,0.0,0.0,0.0,,,,,,,,,,,,,,
kmeans,baseline,False,0.005450605,8331.0,34123776.0,821703.0,1.0500803209942387e-07,16.0,14.10176511052004,0.0,0.0,0.0,0.0,4096.0,8331.0,34123776.0,8331.0,34123776.0,8331.0,34123776.0,0.0,0.0,0.0,0.0,0.0,48.668385246088064,821703.0,,,,,,,,,,,,,,,,,,,,,,,,,,,,,,,,,,,,,,,,,,,,,
kmeans,hpt,False,0.005328447,8331.0,34123776.0,820446.0,1.0300000000099828e-07,16.0,14.0947013984633,0.0,0.0,0.0,0.0,4096.0,8331.0,34123776.0,8331.0,34123776.0,8331.0,34123776.0,0.0,0.0,0.0,0.0,0.0,48.59393479348617,820446.0,,,,,,,,,,,,,,,,,,,,,,,,,,,,,,,,820446.0,820446.0,,,,,,,,,,,,
kmeans,ideal-l1tlb,False,0.0008180349999999995,8331.0,34123776.0,0.0,0.0,0.0,0.0,0.0,0.0,0.0,0.0,4096.0,8331.0,34123776.0,8331.0,34123776.0,8331.0,34123776.0,0.0,0.0,0.0,0.0,0.0,0.0,,,,,,,,,,,,,,,,,,,,,,,,,,,,,,,,,,,,,,,,,,,,,,
kmeans,latpc,False,0.005206027,8331.0,34123776.0,817377.0,1.0517817482041345e-07,31.0,14.635249393575732,0.0,0.0,0.0,0.0,4096.0,8331.0,34123776.0,8331.0,34123776.0,8331.0,34123776.0,0.0,0.0,0.0,0.0,0.0,48.41216197006914,817377.0,,,,,,,,,,,,,,,,,,,,,,,,,,,,,,,,,,,,,,,,0.0,923826.0,65071.0,39386.0,39386.0,
kmeans,softwalker,False,0.0022093599999999996,8331.0,34123776.0,228313.0,1.5304257313406908e-07,16.0,12.146108453427338,0.0,0.0,0.0,0.0,4096.0,8331.0,34123776.0,8331.0,34123776.0,8331.0,34123776.0,0.0,0.0,0.0,0.0,0.0,13.52267795138889,228313.0,,,,,,,,,,,,,,,,,,,,,,,,,,,,,,,,,,,,,,,,0.0,,,,,
kmeans,utopia,False,0.003716879,8331.0,34123776.0,0.0,0.0,0.0,0.0,0.0,0.0,0.0,0.0,4096.0,8331.0,34123776.0,8331.0,34123776.0,8331.0,34123776.0,0.0,0.0,0.0,0.0,0.0,49.19664585607715,830622.0,830622.0,0.0,0.0,830613.0,9.0,287642.0,542980.0,0.0,0.0,8331.0,,,,,,,,,,,,,,,,,,,,,,,,,,,,,,,,,,,
kmeans,uvm,False,0.018720097,8331.0,34123776.0,591460.0,1.0502693673295166e-07,16.0,3.1785872325235855,0.0,0.0,0.0,0.0,4096.0,8331.0,34123776.0,8331.0,34123776.0,8331.0,34123776.0,0.0,0.0,0.0,0.0,0.0,35.03139593947113,591460.0,,,,,,,,,,,,,,,,,,,,,,,,,,,,,,,,,,,,,,,,,,,,,
kmeans,uvm-ideal,False,0.005112381000000001,8331.0,34123776.0,627062.0,1.0606018543644207e-07,27.0,11.496802463574191,0.0,0.0,0.0,0.0,4096.0,8331.0,34123776.0,8331.0,34123776.0,8331.0,34123776.0,0.0,0.0,0.0,0.0,0.0,37.14005545699903,627062.0,,,,,,,,,,,,,,,,,,,,,,,,,,,,,,,,,,,,,,,,,,,,,
kmeans,virtual-caching,False,0.0010977940000000002,2.0,8192.0,8331.0,1.055761613251707e-07,16.0,0.5601461957020127,0.0,0.0,0.0,0.0,4096.0,8331.0,34123776.0,8331.0,34123776.0,8331.0,34123776.0,0.0,0.0,0.0,0.0,0.0,45.5088312333212,768358.0,,,,,,,,,,,,,,,,,,,,,,,,,,,,,,,,,,,,,,,,,,,,,
matrixmultiplication,avatar,False,0.0016150590000000003,15811.0,64761856.0,177137.0,1.0502596860071605e-07,16.0,11.521918753289041,0.0,0.0,0.0,0.0,4096.0,49155.0,201338880.0,49155.0,201338880.0,49155.0,201338880.0,0.0,0.0,0.0,0.0,0.0,5.014428244950114,501443.0,,,,,,,,,,,2801998.0,2796270.0,509151.0,0.0,5611.0,0.0,509151.0,2281489.0,0.0,0.0,2796268.0,11390299.0,0.0,509151.0,0.0,3655.0,2268144.0,49155.0,0.0,0.0,0.0,,,,,,,,,,,,,,
matrixmultiplication,baseline,False,0.0016098000000000006,15829.0,64835584.0,41242.0,1.0511153678289042e-07,16.0,2.6934647795963573,0.0,0.0,0.0,0.0,4096.0,49155.0,201338880.0,49155.0,201338880.0,49155.0,201338880.0,0.0,0.0,0.0,0.0,0.0,0.41243971541659635,41244.0,,,,,,,,,,,,,,,,,,,,,,,,,,,,,,,,,,,,,,,,,,,,,
matrixmultiplication,hpt,False,0.0016123500000000002,15845.0,64901120.0,72135.0,1.0300000000000137e-07,16.0,4.609321544463594,0.0,0.0,0.0,0.0,4096.0,49155.0,201338880.0,49155.0,201338880.0,49155.0,201338880.0,0.0,0.0,0.0,0.0,0.0,0.7214198124308487,72142.0,,,,,,,,,,,,,,,,,,,,,,,,,,,,,,,,72142.0,72142.0,,,,,,,,,,,,
matrixmultiplication,ideal-l1tlb,False,0.0015910480000000003,15914.0,65183744.0,0.0,0.0,0.0,0.0,0.0,0.0,0.0,0.0,4096.0,49155.0,201338880.0,49155.0,201338880.0,49155.0,201338880.0,0.0,0.0,0.0,0.0,0.0,0.0,,,,,,,,,,,,,,,,,,,,,,,,,,,,,,,,,,,,,,,,,,,,,,
matrixmultiplication,latpc,False,0.0016087639999999995,15821.0,64802816.0,33767.0,1.0549666834483496e-07,19.0,2.2149109418238893,0.0,0.0,0.0,0.0,4096.0,49155.0,201338880.0,49155.0,201338880.0,49155.0,201338880.0,0.0,0.0,0.0,0.0,0.0,0.33771998311400087,33772.0,,,,,,,,,,,,,,,,,,,,,,,,,,,,,,,,,,,,,,,,0.0,1595448.0,1288631.0,45.0,194.0,
matrixmultiplication,softwalker,False,0.001615361,15795.0,64696320.0,40864.0,1.531215740015672e-07,16.0,3.8750012383594488,0.0,0.0,0.0,0.0,4096.0,49155.0,201338880.0,49155.0,201338880.0,49155.0,201338880.0,0.0,0.0,0.0,0.0,0.0,0.4088298037616942,40883.0,,,,,,,,,,,,,,,,,,,,,,,,,,,,,,,,,,,,,,,,0.0,,,,,
matrixmultiplication,utopia,False,0.001602277,15907.0,65155072.0,0.0,0.0,0.0,0.0,0.0,0.0,0.0,0.0,4096.0,49155.0,201338880.0,49155.0,201338880.0,49155.0,201338880.0,0.0,0.0,0.0,0.0,0.0,0.606289799924366,60629.0,60629.0,0.0,0.0,60611.0,18.0,59142.0,1487.0,0.0,0.0,49155.0,,,,,,,,,,,,,,,,,,,,,,,,,,,,,,,,,,,
matrixmultiplication,uvm,False,0.01991327,16211.0,66400256.0,1103197.0,1.0500660897396454e-07,16.0,5.817501917977224,0.0,0.0,0.0,0.0,4096.0,49155.0,201338880.0,49155.0,201338880.0,49155.0,201338880.0,0.0,0.0,0.0,0.0,0.0,11.032128124538218,1103213.0,,,,,,,,,,,,,,,,,,,,,,,,,,,,,,,,,,,,,,,,,,,,,
matrixmultiplication,uvm-ideal,False,0.003241628,15875.0,65024000.0,122389.0,2.696483834333754e-07,31.0,10.181744586365996,0.0,0.0,0.0,0.0,4096.0,49155.0,201338880.0,49155.0,201338880.0,49155.0,201338880.0,0.0,0.0,0.0,0.0,0.0,1.2239196817808828,122392.0,,,,,,,,,,,,,,,,,,,,,,,,,,,,,,,,,,,,,,,,,,,,,
matrixmultiplication,virtual-caching,False,0.0016080950000000004,1.0,4096.0,15795.0,1.0532288698955067e-07,15.0,1.0350166397787788,0.0,0.0,0.0,0.0,4096.0,49155.0,201338880.0,49155.0,201338880.0,49155.0,201338880.0,0.0,0.0,0.0,0.0,0.0,0.39450973173338244,39451.0,,,,,,,,,,,,,,,,,,,,,,,,,,,,,,,,,,,,,,,,,,,,,
matrixtranspose,avatar,False,0.00021546100000000002,8195.0,33566720.0,31820.0,1.0526398491516951e-07,16.0,15.856221774079083,0.0,0.0,0.0,0.0,4096.0,8195.0,33566720.0,8195.0,33566720.0,8195.0,33566720.0,0.0,0.0,0.0,0.0,0.0,58.133896083047944,34765.0,,,,,,,,,,,64196.0,76887.0,61977.0,0.0,14882.0,0.0,61977.0,28.0,0.0,0.0,76887.0,47591332.0,0.0,28208.0,33769.0,7561.0,28.0,8195.0,0.0,0.0,0.0,,,,,,,,,,,,,,
matrixtranspose,baseline,False,0.0005950230000000001,8195.0,33566720.0,89697.0,1.0508027024331675e-07,16.0,15.954541992162708,0.0,0.0,0.0,0.0,4096.0,8195.0,33566720.0,8195.0,33566720.0,8195.0,33566720.0,0.0,0.0,0.0,0.0,0.0,149.99097014126713,89697.0,,,,,,,,,,,,,,,,,,,,,,,,,,,,,,,,,,,,,,,,,,,,,
matrixtranspose,hpt,False,0.000591669,8195.0,33566720.0,91051.0,1.029999999997648e-07,16.0,15.965402418408924,0.0,0.0,0.0,0.0,4096.0,8195.0,33566720.0,8195.0,33566720.0,8195.0,33566720.0,0.0,0.0,0.0,0.0,0.0,152.25512360873287,91051.0,,,,,,,,,,,,,,,,,,,,,,,,,,,,,,,,91051.0,91051.0,,,,,,,,,,,,
matrixtranspose,ideal-l1tlb,False,5.200799999999998e-05,8195.0,33566720.0,0.0,0.0,0.0,0.0,0.0,0.0,0.0,0.0,4096.0,8195.0,33566720.0,8195.0,33566720.0,8195.0,33566720.0,0.0,0.0,0.0,0.0,0.0,0.0,,,,,,,,,,,,,,,,,,,,,,,,,,,,,,,,,,,,,,,,,,,,,,
matrixtranspose,latpc,False,0.00036857199999999995,8195.0,33566720.0,89804.0,1.1813345730711982e-07,62.0,29.12009145956449,0.0,0.0,0.0,0.0,4096.0,8195.0,33566720.0,8195.0,33566720.0,8195.0,33566720.0,0.0,0.0,0.0,0.0,0.0,150.169895119863,89804.0,,,,,,,,,,,,,,,,,,,,,,,,,,,,,,,,,,,,,,,,0.0,26754.0,71925.0,21605.0,43685.0,
matrixtranspose,softwalker,False,0.000839182,8195.0,33566720.0,87088.0,1.5306076612138146e-07,16.0,15.965290129245766,0.0,0.0,0.0,0.0,4096.0,8195.0,33566720.0,8195.0,33566720.0,8195.0,33566720.0,0.0,0.0,0.0,0.0,0.0,145.62821061643837,87088.0,,,,,,,,,,,,,,,,,,,,,,,,,,,,,,,,,,,,,,,,2288333.0,,,,,
matrixtranspose,utopia,False,0.000306884,8195.0,33566720.0,0.0,0.0,0.0,0.0,0.0,0.0,0.0,0.0,4096.0,8195.0,33566720.0,8195.0,33566720.0,8195.0,33566720.0,0.0,0.0,0.0,0.0,0.0,147.2201412671233,88040.0,88040.0,0.0,0.0,88031.0,9.0,43959.0,44081.0,0.0,0.0,8195.0,,,,,,,,,,,,,,,,,,,,,,,,,,,,,,,,,,,
matrixtranspose,uvm,False,0.016178243,8195.0,33566720.0,83996.0,1.052859898090417e-07,18.0,0.5467797833729667,0.0,0.0,0.0,0.0,4096.0,8195.0,33566720.0,8195.0,33566720.0,8195.0,33566720.0,0.0,0.0,0.0,0.0,0.0,140.4577803938356,83996.0,,,,,,,,,,,,,,,,,,,,,,,,,,,,,,,,,,,,,,,,,,,,,
matrixtranspose,uvm-ideal,False,0.000681387,8195.0,33566720.0,91359.0,1.1206170163872629e-07,45.0,15.119646090364778,0.0,0.0,0.0,0.0,4096.0,8195.0,33566720.0,8195.0,33566720.0,8195.0,33566720.0,0.0,0.0,0.0,0.0,0.0,152.77015999571918,91359.0,,,,,,,,,,,,,,,,,,,,,,,,,,,,,,,,,,,,,,,,,,,,,
matrixtranspose,virtual-caching,False,0.000167038,1.0,4096.0,8195.0,1.0562233068944457e-07,16.0,6.968024730118082,0.0,0.0,0.0,0.0,4096.0,8195.0,33566720.0,8195.0,33566720.0,8195.0,33566720.0,0.0,0.0,0.0,0.0,0.0,280.7282748287671,167880.0,,,,,,,,,,,,,,,,,,,,,,,,,,,,,,,,,,,,,,,,,,,,,
nbody,avatar,False,0.0016265859999999997,643.0,2633728.0,645.0,1.0825581395348774e-07,16.0,0.043976661665954736,0.0,0.0,0.0,0.0,4096.0,8195.0,33566720.0,8195.0,33566720.0,8195.0,33566720.0,0.0,0.0,0.0,0.0,0.0,0.006619997881600678,662.0,,,,,,,,,,,1686.0,975.0,36.0,0.0,4.0,0.0,36.0,935.0,0.0,0.0,975.0,9227.0,0.0,36.0,0.0,8.0,912.0,8195.0,0.0,0.0,0.0,,,,,,,,,,,,,,
nbody,baseline,False,0.001599769,643.0,2633728.0,665.0,1.0875939849624066e-07,16.0,0.046785104838741,0.0,0.0,0.0,0.0,4096.0,8195.0,33566720.0,8195.0,33566720.0,8195.0,33566720.0,0.0,0.0,0.0,0.0,0.0,0.00664999567750281,665.0,,,,,,,,,,,,,,,,,,,,,,,,,,,,,,,,,,,,,,,,,,,,,
nbody,hpt,False,0.0016622529999999998,643.0,2633728.0,663.0,1.0299999999999988e-07,16.0,0.04242335387335422,0.0,0.0,0.0,0.0,4096.0,8195.0,33566720.0,8195.0,33566720.0,8195.0,33566720.0,0.0,0.0,0.0,0.0,0.0,0.006629993701505983,663.0,,,,,,,,,,,,,,,,,,,,,,,,,,,,,,,,663.0,663.0,,,,,,,,,,,,
nbody,ideal-l1tlb,False,0.0016133839999999998,643.0,2633728.0,0.0,0.0,0.0,0.0,0.0,0.0,0.0,0.0,4096.0,8195.0,33566720.0,8195.0,33566720.0,8195.0,33566720.0,0.0,0.0,0.0,0.0,0.0,0.0,,,,,,,,,,,,,,,,,,,,,,,,,,,,,,,,,,,,,,,,,,,,,,
nbody,latpc,False,0.001599769,643.0,2633728.0,665.0,1.0875939849624066e-07,16.0,0.046785104838741,0.0,0.0,0.0,0.0,4096.0,8195.0,33566720.0,8195.0,33566720.0,8195.0,33566720.0,0.0,0.0,0.0,0.0,0.0,0.00664999567750281,665.0,,,,,,,,,,,,,,,,,,,,,,,,,,,,,,,,,,,,,,,,0.0,1617.0,0.0,0.0,0.0,
nbody,softwalker,False,0.0016590769999999997,643.0,2633728.0,665.0,1.5641052631578885e-07,16.0,0.06393686286273463,0.0,0.0,0.0,0.0,4096.0,8195.0,33566720.0,8195.0,33566720.0,8195.0,33566720.0,0.0,0.0,0.0,0.0,0.0,0.006649998869500192,665.0,,,,,,,,,,,,,,,,,,,,,,,,,,,,,,,,,,,,,,,,0.0,,,,,
nbody,utopia,False,0.001597154,643.0,2633728.0,0.0,0.0,0.0,0.0,0.0,0.0,0.0,0.0,4096.0,8195.0,33566720.0,8195.0,33566720.0,8195.0,33566720.0,0.0,0.0,0.0,0.0,0.0,0.006739996562601753,674.0,674.0,0.0,0.0,672.0,2.0,632.0,42.0,0.0,0.0,8195.0,,,,,,,,,,,,,,,,,,,,,,,,,,,,,,,,,,,
nbody,uvm,False,0.001741814,643.0,2633728.0,688.0,1.0877906976744168e-07,16.0,0.04436403643968525,0.0,0.0,0.0,0.0,4096.0,8195.0,33566720.0,8195.0,33566720.0,8195.0,33566720.0,0.0,0.0,0.0,0.0,0.0,0.00687999580320256,688.0,,,,,,,,,,,,,,,,,,,,,,,,,,,,,,,,,,,,,,,,,,,,,
nbody,uvm-ideal,False,0.0016795269999999999,643.0,2633728.0,724.0,2.662127071823201e-07,30.0,0.11498734911258826,0.0,0.0,0.0,0.0,4096.0,8195.0,33566720.0,8195.0,33566720.0,8195.0,33566720.0,0.0,0.0,0.0,0.0,0.0,0.007239994208004634,724.0,,,,,,,,,,,,,,,,,,,,,,,,,,,,,,,,,,,,,,,,,,,,,
nbody,virtual-caching,False,0.0016159619999999999,1.0,4096.0,643.0,1.0857698289268845e-07,16.0,9.332308514904327,0.0,0.0,0.0,0.0,4096.0,8195.0,33566720.0,8195.0,33566720.0,8195.0,33566720.0,0.0,0.0,0.0,0.0,0.0,0.0064299922197094145,643.0,,,,,,,,,,,,,,,,,,,,,,,,,,,,,,,,,,,,,,,,,,,,,
nw,avatar,False,0.010868098000000007,32912.0,134807552.0,791418.0,1.0500998208300689e-07,16.0,7.440493893839801,0.0,0.0,0.0,0.0,4096.0,49437.0,202493952.0,49437.0,202493952.0,49437.0,202493952.0,0.0,0.0,0.0,0.0,0.0,37.17498252741012,817005.0,,,,,,,,,,,833073.0,680054.0,251952.0,0.0,59747.0,0.0,251952.0,368355.0,0.0,0.0,680054.0,232367169.0,0.0,250503.0,1449.0,89199.0,21980.0,49437.0,0.0,0.0,0.0,,,,,,,,,,,,,,
nw,baseline,False,0.011130638999999996,32912.0,134807552.0,831745.0,1.0500937787444419e-07,16.0,7.640000223942189,0.0,0.0,0.0,0.0,4096.0,49437.0,202493952.0,49437.0,202493952.0,49437.0,202493952.0,0.0,0.0,0.0,0.0,0.0,37.84567516999374,831745.0,,,,,,,,,,,,,,,,,,,,,,,,,,,,,,,,,,,,,,,,,,,,,
nw,hpt,False,0.011051757999999991,32912.0,134807552.0,832299.0,1.030000000010671e-07,16.0,7.550899526924285,0.0,0.0,0.0,0.0,4096.0,49437.0,202493952.0,49437.0,202493952.0,49437.0,202493952.0,0.0,0.0,0.0,0.0,0.0,37.87088302101079,832299.0,,,,,,,,,,,,,,,,,,,,,,,,,,,,,,,,832299.0,832299.0,,,,,,,,,,,,
nw,ideal-l1tlb,False,0.007665435000000001,32912.0,134807552.0,0.0,0.0,0.0,0.0,0.0,0.0,0.0,0.0,4096.0,49437.0,202493952.0,49437.0,202493952.0,49437.0,202493952.0,0.0,0.0,0.0,0.0,0.0,0.0,,,,,,,,,,,,,,,,,,,,,,,,,,,,,,,,,,,,,,,,,,,,,,
nw,latpc,False,0.010412402,32912.0,134807552.0,831964.0,1.3401638652666362e-07,64.0,10.406825075236048,0.0,0.0,0.0,0.0,4096.0,49437.0,202493952.0,49437.0,202493952.0,49437.0,202493952.0,0.0,0.0,0.0,0.0,0.0,37.85564000640662,831964.0,,,,,,,,,,,,,,,,,,,,,,,,,,,,,,,,,,,,,,,,0.0,538822.0,295789.0,65518.0,200751.0,
nw,softwalker,False,0.013405696000000009,32912.0,134807552.0,835097.0,1.530096994740738e-07,16.0,9.32201160258476,0.0,0.0,0.0,0.0,4096.0,49437.0,202493952.0,49437.0,202493952.0,49437.0,202493952.0,0.0,0.0,0.0,0.0,0.0,37.998196319107734,835097.0,,,,,,,,,,,,,,,,,,,,,,,,,,,,,,,,,,,,,,,,0.0,,,,,
nw,utopia,False,0.009553964,32912.0,134807552.0,0.0,0.0,0.0,0.0,0.0,0.0,0.0,0.0,4096.0,49437.0,202493952.0,49437.0,202493952.0,49437.0,202493952.0,0.0,0.0,0.0,0.0,0.0,37.914018477263795,833247.0,833247.0,0.0,0.0,833126.0,121.0,323484.0,509763.0,0.0,0.0,49437.0,,,,,,,,,,,,,,,,,,,,,,,,,,,,,,,,,,,
nw,uvm,False,0.07792713400000002,32912.0,134807552.0,836231.0,1.0509302453508775e-07,18.0,1.1088110042565968,0.0,0.0,0.0,0.0,4096.0,49437.0,202493952.0,49437.0,202493952.0,49437.0,202493952.0,0.0,0.0,0.0,0.0,0.0,38.04979506108126,836231.0,,,,,,,,,,,,,,,,,,,,,,,,,,,,,,,,,,,,,,,,,,,,,
nw,uvm-ideal,False,0.01216090100000001,32912.0,134807552.0,835689.0,1.0501087126933264e-07,17.0,7.041733678602376,0.0,0.0,0.0,0.0,4096.0,49437.0,202493952.0,49437.0,202493952.0,49437.0,202493952.0,0.0,0.0,0.0,0.0,0.0,38.02513322849779,835689.0,,,,,,,,,,,,,,,,,,,,,,,,,,,,,,,,,,,,,,,,,,,,,
nw,virtual-caching,False,0.008501120000000001,2.0,8192.0,82546.0,1.0509570421340844e-07,16.0,0.9839625725305818,0.0,0.0,0.0,0.0,4096.0,49437.0,202493952.0,49437.0,202493952.0,49437.0,202493952.0,0.0,0.0,0.0,0.0,0.0,59.58112195867732,1309431.0,,,,,,,,,,,,,,,,,,,,,,,,,,,,,,,,,,,,,,,,,,,,,
pagerank,avatar,False,0.0009050770000000002,21074.0,86319104.0,135622.0,1.0508700653304018e-07,16.0,15.711892825017513,0.0,0.0,0.0,0.0,4096.0,21074.0,86319104.0,21074.0,86319104.0,21074.0,86319104.0,0.0,0.0,0.0,0.0,0.0,17.038974441538336,170390.0,,,,,,,,,,,661334.0,647880.0,508596.0,0.0,131543.0,0.0,508596.0,7303.0,0.0,0.0,647879.0,128617259.0,0.0,508595.0,1.0,212337.0,6827.0,21074.0,0.0,0.0,0.0,,,,,,,,,,,,,,
pagerank,baseline,False,0.001760144999999999,21074.0,86319104.0,265956.0,1.0502669614543664e-07,16.0,15.851097648309928,0.0,0.0,0.0,0.0,4096.0,21074.0,86319104.0,21074.0,86319104.0,21074.0,86319104.0,0.0,0.0,0.0,0.0,0.0,26.601992019402395,266020.0,,,,,,,,,,,,,,,,,,,,,,,,,,,,,,,,,,,,,,,,,,,,,
pagerank,hpt,False,0.0017065729999999999,21074.0,86319104.0,263235.0,1.0300000000042237e-07,16.0,15.868634301934273,0.0,0.0,0.0,0.0,4096.0,21074.0,86319104.0,21074.0,86319104.0,21074.0,86319104.0,0.0,0.0,0.0,0.0,0.0,26.329781569152903,263298.0,,,,,,,,,,,,,,,,,,,,,,,,,,,,,,,,263250.0,263250.0,,,,,,,,,,,,
pagerank,ideal-l1tlb,False,0.00025188399999999953,21074.0,86319104.0,0.0,0.0,0.0,0.0,0.0,0.0,0.0,0.0,4096.0,21074.0,86319104.0,21074.0,86319104.0,21074.0,86319104.0,0.0,0.0,0.0,0.0,0.0,0.0,,,,,,,,,,,,,,,,,,,,,,,,,,,,,,,,,,,,,,,,,,,,,,
pagerank,latpc,False,0.0017198800000000005,21074.0,86319104.0,262726.0,1.049042690866307e-07,22.0,16.006077968262883,0.0,0.0,0.0,0.0,4096.0,21074.0,86319104.0,21074.0,86319104.0,21074.0,86319104.0,0.0,0.0,0.0,0.0,0.0,26.278950069994867,262790.0,,,,,,,,,,,,,,,,,,,,,,,,,,,,,,,,,,,,,,,,0.0,422520.0,183412.0,3782.0,3816.0,
pagerank,softwalker,False,0.0023050839999999993,21074.0,86319104.0,239726.0,1.5304505143365536e-07,16.0,15.902612778215302,0.0,0.0,0.0,0.0,4096.0,21074.0,86319104.0,21074.0,86319104.0,21074.0,86319104.0,0.0,0.0,0.0,0.0,0.0,24.018095196380962,240181.0,,,,,,,,,,,,,,,,,,,,,,,,,,,,,,,,,,,,,,,,0.0,,,,,
pagerank,utopia,False,0.0007270739999999999,21074.0,86319104.0,0.0,0.0,0.0,0.0,0.0,0.0,0.0,0.0,4096.0,21074.0,86319104.0,21074.0,86319104.0,21074.0,86319104.0,0.0,0.0,0.0,0.0,0.0,26.88107311892688,268811.0,268747.0,0.0,0.0,268742.0,21.0,165871.0,102892.0,0.0,0.0,21074.0,,,,,,,,,,,,,,,,,,,,,,,,,,,,,,,,,,,
pagerank,uvm,False,0.006695031,21074.0,86319104.0,307411.0,1.6654607349793635e-07,64.0,7.632526026250769,0.0,0.0,0.0,0.0,4096.0,21074.0,86319104.0,21074.0,86319104.0,21074.0,86319104.0,0.0,0.0,0.0,0.0,0.0,30.74159692584031,307416.0,,,,,,,,,,,,,,,,,,,,,,,,,,,,,,,,,,,,,,,,,,,,,
pagerank,uvm-ideal,False,0.0022672810000000003,21074.0,86319104.0,261865.0,1.5406963129880873e-07,64.0,17.778589803798432,0.0,0.0,0.0,0.0,4096.0,21074.0,86319104.0,21074.0,86319104.0,21074.0,86319104.0,0.0,0.0,0.0,0.0,0.0,26.192865949274267,261929.0,,,,,,,,,,,,,,,,,,,,,,,,,,,,,,,,,,,,,,,,,,,,,
pagerank,virtual-caching,False,0.000325592,1.0,4096.0,27005.0,1.0540733197556098e-07,16.0,8.689233276466735,0.0,0.0,0.0,0.0,4096.0,21074.0,86319104.0,21074.0,86319104.0,21074.0,86319104.0,0.0,0.0,0.0,0.0,0.0,28.980110161658498,289802.0,,,,,,,,,,,,,,,,,,,,,,,,,,,,,,,,,,,,,,,,,,,,,
relu,avatar,False,0.00018226799999999975,32771.0,134230016.0,26172.0,1.0788858321870723e-07,16.0,15.859427217020666,0.0,0.0,0.0,0.0,4096.0,32771.0,134230016.0,32771.0,134230016.0,32771.0,134230016.0,0.0,0.0,0.0,0.0,0.0,4.904005262586805,34710.0,,,,,,,,,,,143420.0,115275.0,84273.0,0.0,20673.0,0.0,84273.0,10329.0,0.0,0.0,115275.0,38953146.0,0.0,84273.0,0.0,29489.0,10050.0,32771.0,0.0,0.0,0.0,,,,,,,,,,,,,,
relu,baseline,False,0.00022441599999999985,32771.0,134230016.0,32784.0,1.0676305514885318e-07,16.0,15.905298554939558,0.0,0.0,0.0,0.0,4096.0,32771.0,134230016.0,32771.0,134230016.0,32771.0,134230016.0,0.0,0.0,0.0,0.0,0.0,4.631890190972222,32784.0,,,,,,,,,,,,,,,,,,,,,,,,,,,,,,,,,,,,,,,,,,,,,
relu,hpt,False,0.00021616699999999975,32771.0,134230016.0,32772.0,1.0300000000000001e-07,16.0,15.92938345013095,0.0,0.0,0.0,0.0,4096.0,32771.0,134230016.0,32771.0,134230016.0,32771.0,134230016.0,0.0,0.0,0.0,0.0,0.0,4.630194769965278,32772.0,,,,,,,,,,,,,,,,,,,,,,,,,,,,,,,,32772.0,32772.0,,,,,,,,,,,,
relu,ideal-l1tlb,False,0.00013618799999999976,32771.0,134230016.0,0.0,0.0,0.0,0.0,0.0,0.0,0.0,0.0,4096.0,32771.0,134230016.0,32771.0,134230016.0,32771.0,134230016.0,0.0,0.0,0.0,0.0,0.0,0.0,,,,,,,,,,,,,,,,,,,,,,,,,,,,,,,,,,,,,,,,,,,,,,
relu,latpc,False,0.00022441599999999985,32771.0,134230016.0,32784.0,1.0676305514885318e-07,16.0,15.905298554939558,0.0,0.0,0.0,0.0,4096.0,32771.0,134230016.0,32771.0,134230016.0,32771.0,134230016.0,0.0,0.0,0.0,0.0,0.0,4.631890190972222,32784.0,,,,,,,,,,,,,,,,,,,,,,,,,,,,,,,,,,,,,,,,0.0,142300.0,0.0,0.0,0.0,
relu,softwalker,False,0.0003247339999999997,32771.0,134230016.0,32771.0,1.5579137041895866e-07,16.0,15.930253021183395,0.0,0.0,0.0,0.0,4096.0,32771.0,134230016.0,32771.0,134230016.0,32771.0,134230016.0,0.0,0.0,0.0,0.0,0.0,4.6300534848813655,32771.0,,,,,,,,,,,,,,,,,,,,,,,,,,,,,,,,,,,,,,,,0.0,,,,,
relu,utopia,False,0.00013677099999999994,32771.0,134230016.0,0.0,0.0,0.0,0.0,0.0,0.0,0.0,0.0,4096.0,32771.0,134230016.0,32771.0,134230016.0,32771.0,134230016.0,0.0,0.0,0.0,0.0,0.0,4.6300534848813655,32771.0,32771.0,0.0,0.0,32737.0,34.0,30720.0,2051.0,0.0,0.0,32771.0,,,,,,,,,,,,,,,,,,,,,,,,,,,,,,,,,,,
relu,uvm,False,0.055263049,32771.0,134230016.0,45667.0,1.0558247750015891e-07,16.0,0.08725553458131025,0.0,0.0,0.0,0.0,4096.0,32771.0,134230016.0,32771.0,134230016.0,32771.0,134230016.0,0.0,0.0,0.0,0.0,0.0,6.452065927010995,45667.0,,,,,,,,,,,,,,,,,,,,,,,,,,,,,,,,,,,,,,,,,,,,,
relu,uvm-ideal,False,0.0027024889999999998,32771.0,134230016.0,44802.0,1.875145529218914e-07,64.0,3.113539498573992,0.0,0.0,0.0,0.0,4096.0,32771.0,134230016.0,32771.0,134230016.0,32771.0,134230016.0,0.0,0.0,0.0,0.0,0.0,6.329854329427083,44802.0,,,,,,,,,,,,,,,,,,,,,,,,,,,,,,,,,,,,,,,,,,,,,
relu,virtual-caching,False,0.00022122899999999987,1.0,4096.0,32771.0,1.0608022336822203e-07,16.0,15.426469935655662,0.0,0.0,0.0,0.0,4096.0,32771.0,134230016.0,32771.0,134230016.0,32771.0,134230016.0,0.0,0.0,0.0,0.0,0.0,4.635281032986111,32808.0,,,,,,,,,,,,,,,,,,,,,,,,,,,,,,,,,,,,,,,,,,,,,
simpleconvolution,avatar,False,0.0010121870000000001,8221.0,33673216.0,8330.0,1.0606842737094836e-07,16.0,0.8800290039551754,0.0,0.0,0.0,0.0,4096.0,8221.0,33673216.0,8221.0,33673216.0,8221.0,33673216.0,0.0,0.0,0.0,0.0,0.0,0.09957833384289325,8335.0,,,,,,,,,,,297473.0,294523.0,218.0,0.0,16.0,0.0,218.0,294289.0,0.0,0.0,294523.0,902493.0,0.0,218.0,0.0,54.0,284640.0,8221.0,0.0,0.0,0.0,,,,,,,,,,,,,,
simpleconvolution,baseline,False,0.001014072,8221.0,33673216.0,8221.0,1.0580282204111245e-07,16.0,0.866244734142659,0.0,0.0,0.0,0.0,4096.0,8221.0,33673216.0,8221.0,33673216.0,8221.0,33673216.0,0.0,0.0,0.0,0.0,0.0,0.0982163746277655,8221.0,,,,,,,,,,,,,,,,,,,,,,,,,,,,,,,,,,,,,,,,,,,,,
simpleconvolution,hpt,False,0.0011559019999999999,8221.0,33673216.0,8466.0,1.0300000000000088e-07,16.0,0.7585797128177711,0.0,0.0,0.0,0.0,4096.0,8221.0,33673216.0,8221.0,33673216.0,8221.0,33673216.0,0.0,0.0,0.0,0.0,0.0,0.10114339223922426,8466.0,,,,,,,,,,,,,,,,,,,,,,,,,,,,,,,,8466.0,8466.0,,,,,,,,,,,,
simpleconvolution,ideal-l1tlb,False,0.001254179,8221.0,33673216.0,0.0,0.0,0.0,0.0,0.0,0.0,0.0,0.0,4096.0,8221.0,33673216.0,8221.0,33673216.0,8221.0,33673216.0,0.0,0.0,0.0,0.0,0.0,0.0,,,,,,,,,,,,,,,,,,,,,,,,,,,,,,,,,,,,,,,,,,,,,,
simpleconvolution,latpc,False,0.001010884,8221.0,33673216.0,8221.0,1.0624632039897731e-07,16.0,0.8699052661352256,0.0,0.0,0.0,0.0,4096.0,8221.0,33673216.0,8221.0,33673216.0,8221.0,33673216.0,0.0,0.0,0.0,0.0,0.0,0.0982163746277655,8221.0,,,,,,,,,,,,,,,,,,,,,,,,,,,,,,,,,,,,,,,,0.0,288025.0,9158.0,98.0,98.0,
simpleconvolution,softwalker,False,0.001174428,8221.0,33673216.0,8466.0,1.5391849751949178e-07,16.0,1.1146797466578766,0.0,0.0,0.0,0.0,4096.0,8221.0,33673216.0,8221.0,33673216.0,8221.0,33673216.0,0.0,0.0,0.0,0.0,0.0,0.10114339223922426,8466.0,,,,,,,,,,,,,,,,,,,,,,,,,,,,,,,,,,,,,,,,0.0,,,,,
simpleconvolution,utopia,False,0.0012596859999999999,8221.0,33673216.0,0.0,0.0,0.0,0.0,0.0,0.0,0.0,0.0,4096.0,8221.0,33673216.0,8221.0,33673216.0,8221.0,33673216.0,0.0,0.0,0.0,0.0,0.0,0.10114339223922426,8466.0,8466.0,0.0,0.0,8457.0,9.0,7929.0,537.0,0.0,0.0,8221.0,,,,,,,,,,,,,,,,,,,,,,,,,,,,,,,,,,,
simpleconvolution,uvm,False,,,,,,,,,,,,,,,,,,,,,,,,,,,,,,,,,,,,,,,,,,,,,,,,,,,,,,,,,,,,,,,,,,,,,,
simpleconvolution,uvm-ideal,False,0.006488169,8221.0,33673216.0,33471.0,1.6960326850109353e-07,58.0,0.8762513706885212,0.0,0.0,0.0,0.0,4096.0,8221.0,33673216.0,8221.0,33673216.0,8221.0,33673216.0,0.0,0.0,0.0,0.0,0.0,0.399878393767904,33471.0,,,,,,,,,,,,,,,,,,,,,,,,,,,,,,,,,,,,,,,,,,,,,
simpleconvolution,virtual-caching,False,0.001255638,1.0,4096.0,8221.0,1.0552305072375836e-07,16.0,0.6890790144678096,0.0,0.0,0.0,0.0,4096.0,8221.0,33673216.0,8221.0,33673216.0,8221.0,33673216.0,0.0,0.0,0.0,0.0,0.0,0.10571909732162715,8849.0,,,,,,,,,,,,,,,,,,,,,,,,,,,,,,,,,,,,,,,,,,,,,
spmv,avatar,False,,,,,,,,,,,,,,,,,,,,,,,,,,,,,,,,,,,,,,,,,,,,,,,,,,,,,,,,,,,,,,,,,,,,,,
spmv,baseline,False,,,,,,,,,,,,,,,,,,,,,,,,,,,,,,,,,,,,,,,,,,,,,,,,,,,,,,,,,,,,,,,,,,,,,,
spmv,hpt,False,0.138248648,26268.0,107593728.0,21469566.0,1.0300000003748626e-07,16.0,15.996510906136429,0.0,0.0,0.0,0.0,4096.0,26268.0,107593728.0,26268.0,107593728.0,26268.0,107593728.0,0.0,0.0,0.0,0.0,0.0,4722.629750661225,21469566.0,,,,,,,,,,,,,,,,,,,,,,,,,,,,,,,,21469566.0,21469566.0,,,,,,,,,,,,
spmv,ideal-l1tlb,False,0.0005960699999999998,26268.0,107593728.0,0.0,0.0,0.0,0.0,0.0,0.0,0.0,0.0,4096.0,26268.0,107593728.0,26268.0,107593728.0,26268.0,107593728.0,0.0,0.0,0.0,0.0,0.0,0.0,,,,,,,,,,,,,,,,,,,,,,,,,,,,,,,,,,,,,,,,,,,,,,
spmv,latpc,False,,,,,,,,,,,,,,,,,,,,,,,,,,,,,,,,,,,,,,,,,,,,,,,,,,,,,,,,,,,,,,,,,,,,,,
spmv,softwalker,False,,,,,,,,,,,,,,,,,,,,,,,,,,,,,,,,,,,,,,,,,,,,,,,,,,,,,,,,,,,,,,,,,,,,,,
spmv,utopia,False,0.02263008,26268.0,107593728.0,0.0,0.0,0.0,0.0,0.0,0.0,0.0,0.0,4096.0,26268.0,107593728.0,26268.0,107593728.0,26268.0,107593728.0,0.0,0.0,0.0,0.0,0.0,4704.28875411717,21418081.0,21418081.0,0.0,0.0,21418055.0,26.0,19362903.0,2055178.0,0.0,0.0,26268.0,,,,,,,,,,,,,,,,,,,,,,,,,,,,,,,,,,,
spmv,uvm,False,,,,,,,,,,,,,,,,,,,,,,,,,,,,,,,,,,,,,,,,,,,,,,,,,,,,,,,,,,,,,,,,,,,,,,
spmv,uvm-ideal,False,,,,,,,,,,,,,,,,,,,,,,,,,,,,,,,,,,,,,,,,,,,,,,,,,,,,,,,,,,,,,,,,,,,,,,
spmv,virtual-caching,False,0.006009530999999999,1.0,4096.0,900129.0,1.050125537564075e-07,16.0,15.874650597569824,0.0,0.0,0.0,0.0,4096.0,26268.0,107593728.0,26268.0,107593728.0,26268.0,107593728.0,0.0,0.0,0.0,0.0,0.0,373.32519168988443,1694756.0,,,,,,,,,,,,,,,,,,,,,,,,,,,,,,,,,,,,,,,,,,,,,
stencil2d,avatar,False,0.0039693789999999994,32910.0,134799360.0,602860.0,1.0501708522729794e-07,16.0,15.96731208699849,0.0,0.0,0.0,0.0,4096.0,32918.0,134832128.0,32918.0,134832128.0,32918.0,134832128.0,0.0,0.0,0.0,0.0,0.0,42.878051125323836,677926.0,,,,,,,,,,,1134047.0,1103514.0,886691.0,0.0,216430.0,0.0,886691.0,393.0,0.0,0.0,1103514.0,239814319.0,0.0,886691.0,0.0,373823.0,228.0,32918.0,0.0,0.0,0.0,,,,,,,,,,,,,,
stencil2d,baseline,False,0.007121823,32910.0,134799360.0,1083291.0,1.0500941575278108e-07,16.0,15.982604359721536,0.0,0.0,0.0,0.0,4096.0,32918.0,134832128.0,32918.0,134832128.0,32918.0,134832128.0,0.0,0.0,0.0,0.0,0.0,68.51692792665155,1083291.0,,,,,,,,,,,,,,,,,,,,,,,,,,,,,,,,,,,,,,,,,,,,,
stencil2d,hpt,False,0.006956081,32910.0,134799360.0,1079091.0,1.0300000000110794e-07,16.0,15.988329361414085,0.0,0.0,0.0,0.0,4096.0,32918.0,134832128.0,32918.0,134832128.0,32918.0,134832128.0,0.0,0.0,0.0,0.0,0.0,68.25128268701425,1079091.0,,,,,,,,,,,,,,,,,,,,,,,,,,,,,,,,1079091.0,1079091.0,,,,,,,,,,,,
stencil2d,ideal-l1tlb,False,0.0003863649999999996,32910.0,134799360.0,0.0,0.0,0.0,0.0,0.0,0.0,0.0,0.0,4096.0,32918.0,134832128.0,32918.0,134832128.0,32918.0,134832128.0,0.0,0.0,0.0,0.0,0.0,0.0,,,,,,,,,,,,,,,,,,,,,,,,,,,,,,,,,,,,,,,,,,,,,,
stencil2d,latpc,False,0.00699624,32910.0,134799360.0,1084352.0,1.0538851775095385e-07,25.0,16.346495219375228,0.0,0.0,0.0,0.0,4096.0,32918.0,134832128.0,32918.0,134832128.0,32918.0,134832128.0,0.0,0.0,0.0,0.0,0.0,68.58403497409327,1084352.0,,,,,,,,,,,,,,,,,,,,,,,,,,,,,,,,,,,,,,,,0.0,1099637.0,35261.0,24835.0,24835.0,
stencil2d,softwalker,False,0.009389726,32910.0,134799360.0,981134.0,1.5301464020410245e-07,16.0,15.99595561770433,0.0,0.0,0.0,0.0,4096.0,32918.0,134832128.0,32918.0,134832128.0,32918.0,134832128.0,0.0,0.0,0.0,0.0,0.0,62.055613463406736,981134.0,,,,,,,,,,,,,,,,,,,,,,,,,,,,,,,,,,,,,,,,0.0,,,,,
stencil2d,utopia,False,0.006865227999999999,32910.0,134799360.0,0.0,0.0,0.0,0.0,0.0,0.0,0.0,0.0,4096.0,32918.0,134832128.0,32918.0,134832128.0,32918.0,134832128.0,0.0,0.0,0.0,0.0,0.0,69.04954663212435,1091712.0,1091712.0,0.0,0.0,1088146.0,3566.0,42573.0,1049139.0,0.0,0.0,32918.0,,,,,,,,,,,,,,,,,,,,,,,,,,,,,,,,,,,
stencil2d,uvm,False,0.0637518,32910.0,134799360.0,1071978.0,1.0511177654771896e-07,18.0,1.7675614194879525,0.0,0.0,0.0,0.0,4096.0,32918.0,134832128.0,32918.0,134832128.0,32918.0,134832128.0,0.0,0.0,0.0,0.0,0.0,67.80139349902849,1071978.0,,,,,,,,,,,,,,,,,,,,,,,,,,,,,,,,,,,,,,,,,,,,,
stencil2d,uvm-ideal,False,0.007216382,32910.0,134799360.0,1085578.0,1.0507742879853357e-07,24.0,15.81660640619059,0.0,0.0,0.0,0.0,4096.0,32918.0,134832128.0,32918.0,134832128.0,32918.0,134832128.0,0.0,0.0,0.0,0.0,0.0,68.66157808452073,1085578.0,,,,,,,,,,,,,,,,,,,,,,,,,,,,,,,,,,,,,,,,,,,,,
stencil2d,virtual-caching,False,0.002124089,2.0,8192.0,320157.0,1.0503560753024268e-07,16.0,15.660047555891603,0.0,0.0,0.0,0.0,4096.0,32918.0,134832128.0,32918.0,134832128.0,32918.0,134832128.0,0.0,0.0,0.0,0.0,0.0,82.75614525987694,1308421.0,,,,,,,,,,,,,,,,,,,,,,,,,,,,,,,,,,,,,,,,,,,,,
vectoradd,avatar,False,8.167500000000002e-05,12290.0,50339840.0,11415.0,1.068834866403855e-07,16.0,15.752456328353999,0.0,0.0,0.0,0.0,4096.0,12291.0,50343936.0,12291.0,50343936.0,12291.0,50343936.0,0.0,0.0,0.0,0.0,0.0,6.258646647135417,12305.0,,,,,,,,,,,54419.0,39742.0,30813.0,0.0,7499.0,0.0,30813.0,1430.0,0.0,0.0,39742.0,29344350.0,0.0,30813.0,0.0,22661.0,1383.0,12291.0,0.0,0.0,0.0,,,,,,,,,,,,,,
vectoradd,baseline,False,9.459099999999999e-05,12290.0,50339840.0,13478.0,1.0583840332393537e-07,16.0,15.790062098050717,0.0,0.0,0.0,0.0,4096.0,12291.0,50343936.0,12291.0,50343936.0,12291.0,50343936.0,0.0,0.0,0.0,0.0,0.0,6.855265299479167,13478.0,,,,,,,,,,,,,,,,,,,,,,,,,,,,,,,,,,,,,,,,,,,,,
vectoradd,hpt,False,9.116300000000001e-05,12290.0,50339840.0,13388.0,1.03e-07,16.0,15.868217857101776,0.0,0.0,0.0,0.0,4096.0,12291.0,50343936.0,12291.0,50343936.0,12291.0,50343936.0,0.0,0.0,0.0,0.0,0.0,6.809488932291667,13388.0,,,,,,,,,,,,,,,,,,,,,,,,,,,,,,,,13388.0,13388.0,,,,,,,,,,,,
vectoradd,ideal-l1tlb,False,6.164799999999987e-05,12290.0,50339840.0,0.0,0.0,0.0,0.0,0.0,0.0,0.0,0.0,4096.0,12291.0,50343936.0,12291.0,50343936.0,12291.0,50343936.0,0.0,0.0,0.0,0.0,0.0,0.0,,,,,,,,,,,,,,,,,,,,,,,,,,,,,,,,,,,,,,,,,,,,,,
vectoradd,latpc,False,9.459099999999999e-05,12290.0,50339840.0,13478.0,1.0583840332393537e-07,16.0,15.790062098050717,0.0,0.0,0.0,0.0,4096.0,12291.0,50343936.0,12291.0,50343936.0,12291.0,50343936.0,0.0,0.0,0.0,0.0,0.0,6.855265299479167,13478.0,,,,,,,,,,,,,,,,,,,,,,,,,,,,,,,,,,,,,,,,4980.0,49344.0,0.0,0.0,0.0,
vectoradd,softwalker,False,0.00012462499999999995,12290.0,50339840.0,12290.0,1.5510903173311633e-07,16.0,15.835998571155608,0.0,0.0,0.0,0.0,4096.0,12291.0,50343936.0,12291.0,50343936.0,12291.0,50343936.0,0.0,0.0,0.0,0.0,0.0,6.251017252604167,12290.0,,,,,,,,,,,,,,,,,,,,,,,,,,,,,,,,,,,,,,,,313316.0,,,,,
vectoradd,utopia,False,6.21529999999999e-05,12290.0,50339840.0,0.0,0.0,0.0,0.0,0.0,0.0,0.0,0.0,4096.0,12291.0,50343936.0,12291.0,50343936.0,12291.0,50343936.0,0.0,0.0,0.0,0.0,0.0,6.253560384114583,12295.0,12295.0,0.0,0.0,12282.0,13.0,11523.0,772.0,0.0,0.0,12291.0,,,,,,,,,,,,,,,,,,,,,,,,,,,,,,,,,,,
vectoradd,uvm,False,0.019104533,12290.0,50339840.0,15621.0,1.0567857371487168e-07,16.0,0.08643003366509829,0.0,0.0,0.0,0.0,4096.0,12291.0,50343936.0,12291.0,50343936.0,12291.0,50343936.0,0.0,0.0,0.0,0.0,0.0,7.94525146484375,15621.0,,,,,,,,,,,,,,,,,,,,,,,,,,,,,,,,,,,,,,,,,,,,,
vectoradd,uvm-ideal,False,0.0013569300000000001,12290.0,50339840.0,15604.0,5.881303511921394e-07,64.0,6.784958797200729,0.0,0.0,0.0,0.0,4096.0,12291.0,50343936.0,12291.0,50343936.0,12291.0,50343936.0,0.0,0.0,0.0,0.0,0.0,7.936604817708333,15604.0,,,,,,,,,,,,,,,,,,,,,,,,,,,,,,,,,,,,,,,,,,,,,
vectoradd,virtual-caching,False,8.737100000000015e-05,1.0,4096.0,12290.0,1.0596013018714415e-07,16.0,14.433521014364254,0.0,0.0,0.0,0.0,4096.0,12291.0,50343936.0,12291.0,50343936.0,12291.0,50343936.0,0.0,0.0,0.0,0.0,0.0,7.56988525390625,14883.0,,,,,,,,,,,,,,,,,,,,,,,,,,,,,,,,,,,,,,,,,,,,,
